age,gender,fever,cold,headache,cough,temperature,symptom_severity,recommended_leaf,dosage_ml_or_g
56,0,0,0,1,0,96.8,3,Ashwagandha,25.3
79,0,1,0,1,1,101.8,3,Tulsi,26.07
26,0,1,1,1,1,97.7,1,Tulsi,24.78
37,1,1,1,0,1,97.8,1,Tulsi,24.69
53,0,0,0,1,1,97.2,2,Neem,24.91
66,0,1,0,1,0,96.5,1,Ashwagandha,24.14
7,0,0,0,0,0,97.7,3,Tulsi,25.97
64,0,1,0,1,0,98.2,3,Ashwagandha,25.5
82,0,1,1,1,1,98.9,2,Tulsi,24.96
8,1,0,0,1,1,95.7,2,Neem,25.06
78,1,1,1,0,1,99.7,1,Tulsi,24.66
66,1,0,1,0,1,95.8,3,Neem,25.0
57,1,1,0,1,1,96.9,3,Tulsi,25.31
49,0,0,0,0,1,98.8,1,Neem,24.77
12,1,0,0,0,0,100.0,3,Tulsi,26.38
9,1,0,1,0,1,99.6,3,Neem,26.33
77,1,1,1,0,1,100.8,1,Tulsi,24.89
48,1,1,0,0,0,96.9,3,Neem,25.4
51,1,0,0,0,1,97.4,3,Neem,25.47
13,0,0,1,1,1,97.3,1,Giloy,24.83
55,0,1,0,0,1,101.3,1,Tulsi,25.21
27,0,0,0,0,0,99.5,1,Giloy,25.13
36,0,0,0,1,1,100.0,2,Neem,25.64
66,0,1,1,0,1,99.1,1,Tulsi,24.66
66,0,0,0,0,1,97.3,3,Neem,25.3
13,1,0,0,0,1,97.8,3,Neem,25.93
63,1,1,1,1,0,97.6,2,Giloy,24.89
56,1,1,0,1,0,98.4,1,Ashwagandha,24.62
60,0,0,0,1,1,97.9,1,Neem,24.48
5,0,1,1,0,1,98.5,2,Tulsi,25.65
36,1,1,0,1,0,97.4,3,Ashwagandha,25.62
42,1,0,1,1,1,99.8,2,Giloy,25.54
15,0,1,1,0,0,97.1,1,Giloy,24.77
7,1,1,0,1,0,97.8,2,Ashwagandha,25.49
71,0,0,1,1,0,99.4,3,Giloy,25.67
86,1,0,0,1,0,97.2,1,Ashwagandha,24.08
54,0,0,1,1,0,97.7,1,Giloy,24.5
64,0,1,0,1,1,97.8,1,Tulsi,24.42
41,1,0,0,0,0,100.5,3,Giloy,26.19
24,1,1,1,0,1,97.3,3,Tulsi,25.72
76,1,1,1,1,1,98.9,2,Tulsi,25.02
39,1,0,0,1,0,96.8,1,Ashwagandha,24.47
18,0,1,1,1,1,99.9,1,Tulsi,25.3
52,1,0,0,1,0,100.0,2,Ashwagandha,25.48
34,1,1,0,0,1,98.4,1,Tulsi,24.84
34,0,1,0,1,0,99.9,1,Ashwagandha,25.14
65,1,0,1,0,1,97.0,2,Neem,24.75
50,0,1,0,1,0,99.3,1,Ashwagandha,24.86
28,0,0,1,0,0,97.3,3,Tulsi,25.68
37,1,0,1,1,0,96.3,2,Giloy,24.89
58,1,0,1,1,1,99.6,3,Giloy,25.84
70,0,0,1,1,1,97.0,1,Giloy,24.2
37,0,0,1,1,0,100.0,3,Giloy,26.13
54,0,1,0,1,1,97.7,3,Tulsi,25.5
61,1,0,1,0,1,100.0,3,Neem,25.89
19,1,1,1,1,0,99.6,3,Giloy,26.23
55,0,1,0,1,0,98.8,1,Ashwagandha,24.71
56,1,1,0,1,0,98.8,1,Ashwagandha,24.7
12,0,1,1,1,0,100.4,2,Giloy,25.96
51,0,0,1,1,1,98.4,1,Giloy,24.67
34,0,0,1,0,0,97.4,1,Brahmi,24.64
66,0,0,0,1,0,98.4,1,Ashwagandha,24.52
62,1,0,0,1,1,101.2,1,Neem,25.12
5,1,0,0,1,0,99.2,1,Ashwagandha,25.29
26,0,0,0,1,1,100.5,1,Neem,25.34
33,1,1,0,0,0,97.5,2,Tulsi,25.17
66,1,0,1,1,1,99.6,1,Giloy,24.76
27,1,1,1,0,1,99.5,2,Tulsi,25.63
56,0,1,1,0,1,103.4,1,Tulsi,25.62
8,1,1,1,0,1,98.7,1,Tulsi,25.16
36,0,1,1,1,1,97.0,1,Tulsi,24.54
55,0,0,1,0,0,98.9,1,Brahmi,24.73
44,1,0,1,0,0,97.8,1,Ashwagandha,24.62
39,0,0,1,1,0,96.7,2,Giloy,24.95
78,1,1,1,0,0,101.5,2,Tulsi,25.52
79,0,1,1,0,0,98.5,1,Tulsi,24.41
40,1,0,0,1,1,101.0,2,Neem,25.8
28,0,1,1,0,1,99.4,1,Tulsi,25.1
59,0,0,0,0,0,99.5,1,Tulsi,24.81
17,0,0,0,1,1,95.2,1,Neem,24.37
23,1,0,0,1,1,98.3,2,Neem,25.43
20,0,0,0,1,0,101.6,3,Ashwagandha,26.62
89,1,0,0,1,0,101.3,3,Ashwagandha,25.87
80,0,1,1,1,0,99.2,1,Giloy,24.54
11,1,0,1,1,0,99.4,1,Giloy,25.27
33,0,1,0,1,1,99.9,1,Tulsi,25.15
69,1,1,0,0,0,97.5,1,Giloy,24.31
58,0,0,1,1,0,98.3,3,Giloy,25.58
71,0,0,1,1,1,99.1,1,Giloy,24.61
7,0,1,1,0,0,97.4,1,Giloy,24.91
29,1,0,1,0,1,95.8,2,Neem,24.87
89,0,1,0,1,0,99.5,3,Ashwagandha,25.51
24,0,1,0,0,0,98.0,1,Brahmi,24.86
58,1,0,1,0,0,101.4,3,Brahmi,26.2
16,1,1,1,1,1,101.9,2,Tulsi,26.22
40,1,1,1,1,1,97.4,1,Tulsi,24.58
45,1,1,0,1,0,95.7,1,Ashwagandha,24.19
33,0,1,0,0,1,99.1,2,Tulsi,25.49
73,0,0,1,1,1,98.8,1,Giloy,24.53
37,1,0,1,1,0,100.2,1,Giloy,25.17
15,0,1,0,0,1,99.0,1,Tulsi,25.15
5,0,1,0,1,1,100.4,1,Tulsi,25.53
73,0,0,1,0,0,101.0,2,Tulsi,25.47
78,0,0,0,1,0,99.5,2,Ashwagandha,25.12
5,0,0,0,1,1,99.1,2,Neem,25.77
76,0,1,1,1,1,99.3,2,Tulsi,25.1
7,0,1,1,0,1,99.2,3,Tulsi,26.27
51,0,0,0,0,1,100.6,2,Neem,25.61
79,0,0,1,1,1,98.7,2,Giloy,24.95
34,0,0,0,0,1,99.0,1,Neem,24.96
42,0,1,0,1,1,100.1,1,Tulsi,25.1
33,1,1,1,0,1,99.1,1,Tulsi,24.99
88,1,0,1,1,0,96.9,3,Giloy,25.0
79,0,0,0,0,0,97.7,3,Brahmi,25.25
79,1,1,1,1,1,97.5,3,Tulsi,25.21
31,0,1,1,0,1,101.1,3,Tulsi,26.41
23,0,0,1,1,1,98.4,2,Giloy,25.45
50,1,0,1,1,0,97.0,3,Giloy,25.4
77,1,0,0,0,1,99.9,1,Neem,24.71
56,0,0,0,1,1,97.7,2,Neem,24.98
32,0,1,1,1,0,99.2,3,Giloy,26.02
22,1,1,0,0,0,97.4,1,Giloy,24.76
32,1,0,0,0,0,98.7,1,Brahmi,24.92
21,0,1,0,1,1,97.3,3,Tulsi,25.75
22,0,1,0,1,1,101.7,3,Tulsi,26.62
46,0,0,1,1,1,100.7,2,Giloy,25.68
63,1,0,0,1,0,97.7,2,Ashwagandha,24.91
79,1,1,1,0,1,96.7,3,Tulsi,25.05
13,0,0,0,0,1,98.9,3,Neem,26.15
8,0,1,1,0,1,100.0,2,Tulsi,25.92
55,1,0,1,0,0,96.1,1,Ashwagandha,24.17
74,1,1,1,0,1,99.4,1,Tulsi,24.64
24,0,1,0,0,1,98.3,2,Tulsi,25.42
15,0,1,0,0,0,98.8,1,Giloy,25.11
10,1,1,1,0,0,96.5,2,Ashwagandha,25.2
88,0,0,0,0,0,98.9,1,Brahmi,24.4
79,0,1,1,0,0,99.5,2,Neem,25.11
64,1,1,1,0,1,98.3,3,Tulsi,25.52
13,1,1,0,0,0,99.3,1,Tulsi,25.23
76,0,0,0,1,1,101.0,2,Neem,25.44
39,0,0,0,0,0,99.7,1,Giloy,25.05
46,0,1,1,1,0,99.0,2,Giloy,25.34
36,0,0,1,0,0,101.6,1,Ashwagandha,25.46
70,1,0,1,1,0,96.2,3,Giloy,25.04
55,1,1,0,0,0,97.3,3,Neem,25.41
33,0,1,1,0,0,98.0,1,Neem,24.77
42,0,0,0,0,0,100.9,3,Giloy,26.26
78,0,1,1,0,0,99.2,3,Giloy,25.56
56,1,0,0,1,0,94.7,1,Ashwagandha,23.88
6,0,0,0,0,1,98.0,2,Neem,25.54
47,0,0,1,0,1,98.9,3,Neem,25.81
51,1,1,0,1,1,99.9,1,Tulsi,24.97
66,1,0,0,0,1,101.3,1,Neem,25.1
76,0,1,0,1,0,99.5,2,Ashwagandha,25.14
13,1,0,0,1,1,98.1,2,Neem,25.49
40,1,0,0,0,0,97.9,2,Neem,25.18
59,0,1,0,0,0,98.4,1,Tulsi,24.59
30,0,0,0,1,0,98.0,2,Ashwagandha,25.3
79,1,1,0,1,0,98.1,3,Ashwagandha,25.33
63,1,0,0,1,1,101.1,1,Neem,25.09
75,1,1,0,1,0,100.2,2,Ashwagandha,25.29
30,1,1,0,0,0,95.8,1,Tulsi,24.36
88,0,0,1,1,1,102.5,1,Giloy,25.12
55,0,1,0,1,1,98.7,2,Tulsi,25.19
33,0,0,0,1,1,97.5,2,Neem,25.17
51,1,1,1,1,0,98.8,2,Giloy,25.25
42,0,0,1,0,1,96.5,2,Neem,24.88
38,1,0,0,0,1,97.4,2,Neem,25.1
11,0,1,0,0,0,97.4,3,Ashwagandha,25.87
76,1,0,0,0,0,97.7,3,Tulsi,25.28
12,1,0,1,1,1,100.5,1,Giloy,25.48
58,0,1,0,0,1,99.2,2,Tulsi,25.26
11,1,0,0,0,0,96.1,2,Neem,25.11
5,0,0,1,0,1,101.2,3,Neem,26.69
6,0,0,0,1,1,96.7,2,Neem,25.28
13,1,0,1,0,1,101.2,2,Neem,26.11
28,0,1,1,1,0,98.8,1,Giloy,24.98
85,1,0,1,1,0,98.8,1,Giloy,24.41
77,1,1,0,1,1,100.3,2,Tulsi,25.29
22,1,0,1,1,0,100.3,2,Giloy,25.84
38,0,0,0,1,1,97.8,2,Neem,25.18
89,0,0,0,1,0,99.1,2,Ashwagandha,24.93
16,0,0,0,0,1,98.4,2,Neem,25.52
50,1,1,1,1,0,99.8,1,Giloy,24.96
55,0,1,0,1,0,96.3,1,Ashwagandha,24.21
63,0,1,0,1,1,97.4,3,Tulsi,25.35
28,1,1,0,1,0,99.0,3,Ashwagandha,26.02
85,1,0,0,0,1,96.0,1,Neem,23.85
30,1,0,0,0,1,98.5,3,Neem,25.9
46,0,0,0,0,1,101.3,1,Neem,25.3
48,0,1,1,1,1,97.5,3,Tulsi,25.52
53,0,0,1,0,0,98.2,1,Neem,24.61
51,1,1,1,1,0,99.8,3,Giloy,25.95
84,1,1,0,1,0,99.5,3,Ashwagandha,25.56
63,1,0,0,1,0,98.8,1,Ashwagandha,24.63
27,1,0,1,1,0,97.8,2,Giloy,25.29
83,0,0,0,0,1,98.3,1,Neem,24.33
86,0,1,1,0,0,97.2,2,Brahmi,24.58
63,1,0,0,1,0,100.0,1,Ashwagandha,24.87
7,0,0,1,1,0,95.6,3,Giloy,25.55
43,0,1,0,1,0,100.4,1,Ashwagandha,25.15
20,0,1,1,1,1,99.9,3,Tulsi,26.28
46,1,1,0,0,0,99.7,3,Neem,25.98
43,1,1,0,1,0,98.7,1,Ashwagandha,24.81
66,0,1,0,1,1,97.6,2,Tulsi,24.86
29,0,0,1,0,0,96.3,2,Tulsi,24.97
53,0,0,1,1,1,99.3,1,Giloy,24.83
29,1,0,0,1,0,99.7,1,Ashwagandha,25.15
19,0,0,1,1,1,99.4,3,Giloy,26.19
60,0,1,1,0,1,96.3,1,Tulsi,24.16
29,0,1,1,0,1,98.8,1,Tulsi,24.97
78,0,1,0,1,0,99.3,1,Ashwagandha,24.58
7,1,1,0,0,1,98.0,2,Tulsi,25.53
86,1,0,1,0,1,96.8,3,Neem,25.0
17,1,0,0,0,0,95.2,3,Ashwagandha,25.37
33,0,0,0,1,1,97.3,2,Neem,25.13
13,0,1,0,0,0,98.3,3,Brahmi,26.03
42,1,0,0,1,1,97.4,2,Neem,25.06
74,0,1,1,0,1,93.4,1,Tulsi,23.44
62,0,1,1,1,1,97.3,3,Tulsi,25.34
81,0,0,1,1,0,98.0,3,Giloy,25.29
63,1,0,0,0,0,99.4,1,Tulsi,24.75
57,1,1,0,0,1,98.9,1,Tulsi,24.71
62,0,0,0,0,1,98.4,2,Neem,25.06
36,0,0,1,0,0,97.4,2,Ashwagandha,25.12
17,1,0,0,0,0,99.9,3,Tulsi,26.31
64,1,1,0,0,1,99.0,2,Tulsi,25.16
67,1,1,0,1,0,98.0,1,Ashwagandha,24.43
26,1,1,1,1,1,99.7,2,Tulsi,25.68
69,1,1,1,0,1,100.1,2,Tulsi,25.33
18,1,0,0,1,1,100.3,3,Neem,26.38
33,0,0,1,0,0,101.2,3,Brahmi,26.41
79,1,0,1,1,1,99.6,3,Giloy,25.63
17,0,0,0,0,0,98.5,1,Neem,25.03
79,1,1,1,0,1,97.9,3,Tulsi,25.29
85,1,1,1,1,0,98.1,1,Giloy,24.27
51,1,0,0,1,1,98.1,3,Neem,25.61
5,1,1,1,0,1,100.9,1,Tulsi,25.63
39,1,0,0,1,1,96.9,3,Neem,25.49
76,1,1,0,0,0,102.4,1,Brahmi,25.22
12,0,0,1,1,1,99.4,2,Giloy,25.76
7,1,1,0,0,1,98.2,2,Tulsi,25.57
75,0,1,1,1,1,96.4,3,Tulsi,25.03
6,1,1,0,1,0,99.1,1,Ashwagandha,25.26
76,0,1,1,1,1,102.3,3,Tulsi,26.2
49,0,0,1,1,0,97.9,3,Giloy,25.59
55,1,0,0,1,0,98.1,2,Ashwagandha,25.07
24,0,1,1,1,1,98.7,1,Tulsi,25.0
6,0,0,0,0,1,97.1,3,Neem,25.86
50,1,1,0,1,1,98.2,3,Tulsi,25.64
48,0,1,0,0,0,98.9,1,Neem,24.8
36,0,1,1,1,1,99.9,2,Tulsi,25.62
66,1,1,0,0,0,100.6,2,Brahmi,25.46
7,0,0,1,1,1,98.9,3,Giloy,26.21
86,1,1,0,1,0,102.2,3,Ashwagandha,26.08
59,1,1,0,1,0,98.0,3,Ashwagandha,25.51
57,0,1,0,1,1,99.4,3,Tulsi,25.81
7,1,1,0,0,0,95.6,1,Giloy,24.55
58,0,0,0,0,1,100.3,1,Neem,24.98
8,1,1,1,1,1,98.2,2,Tulsi,25.56
53,0,1,0,1,1,98.4,2,Tulsi,25.15
83,1,1,1,0,1,101.3,3,Tulsi,25.93
62,1,0,1,0,0,100.5,1,Tulsi,24.98
30,1,1,1,1,0,98.4,2,Giloy,25.38
48,1,1,1,0,0,98.6,2,Tulsi,25.24
64,0,0,1,1,0,100.4,1,Giloy,24.94
88,1,0,1,0,0,97.3,3,Giloy,25.08
9,0,0,1,1,1,96.2,1,Giloy,24.65
27,0,0,0,1,0,95.7,1,Ashwagandha,24.37
14,1,1,0,0,0,97.6,3,Neem,25.88
80,0,0,1,1,1,100.7,3,Giloy,25.84
80,0,0,0,1,1,96.2,3,Neem,24.94
83,1,1,0,0,1,98.5,3,Tulsi,25.37
41,1,1,0,0,0,98.5,3,Tulsi,25.79
74,0,0,0,0,0,97.7,2,Giloy,24.8
24,0,1,1,0,0,98.6,2,Tulsi,25.48
54,0,0,0,0,1,95.4,2,Neem,24.54
88,0,1,1,0,1,103.0,2,Tulsi,25.72
12,1,0,0,0,1,97.9,3,Neem,25.96
51,1,0,0,0,1,97.7,3,Neem,25.53
78,1,1,1,0,1,98.9,3,Tulsi,25.5
76,0,1,1,0,0,100.2,3,Ashwagandha,25.78
35,1,1,0,1,0,95.8,2,Ashwagandha,24.81
68,1,0,0,0,0,100.0,1,Neem,24.82
52,0,0,0,0,0,99.4,1,Ashwagandha,24.86
8,1,0,1,1,1,99.1,1,Giloy,25.24
27,0,0,0,0,1,100.1,1,Neem,25.25
19,0,1,1,0,0,96.6,1,Neem,24.63
23,1,0,0,0,0,95.4,2,Giloy,24.85
15,0,1,1,1,1,101.3,2,Tulsi,26.11
50,0,0,0,1,1,94.9,1,Neem,23.98
30,0,1,0,1,1,102.0,1,Tulsi,25.6
83,1,1,0,0,1,101.0,3,Tulsi,25.87
47,0,0,0,0,0,99.1,3,Neem,25.85
19,0,1,0,0,0,98.5,3,Neem,26.01
38,1,0,1,1,0,96.5,2,Giloy,24.92
31,0,0,1,0,1,100.0,2,Neem,25.69
6,0,0,1,1,0,96.2,2,Giloy,25.18
79,0,0,1,1,0,101.4,1,Giloy,24.99
46,0,1,1,1,1,98.9,2,Tulsi,25.32
11,1,0,1,1,0,99.3,3,Giloy,26.25
26,1,0,1,1,0,98.8,2,Giloy,25.5
13,0,1,1,1,0,96.7,1,Giloy,24.71
72,1,1,0,1,1,97.6,3,Tulsi,25.3
78,0,1,0,1,1,101.9,3,Tulsi,26.1
53,0,1,1,0,0,96.7,1,Giloy,24.31
85,1,1,0,0,0,100.0,2,Neem,25.15
77,1,0,0,0,1,101.9,1,Neem,25.11
6,1,0,0,0,1,96.4,3,Neem,25.72
45,0,0,0,1,1,95.7,2,Neem,24.69
23,1,1,1,1,1,98.0,1,Tulsi,24.87
40,0,0,1,0,0,98.3,2,Tulsi,25.26
45,0,1,0,0,1,99.0,2,Tulsi,25.35
76,1,0,1,1,0,96.3,2,Giloy,24.5
7,1,1,1,0,1,99.6,2,Tulsi,25.85
34,1,1,1,1,1,101.5,1,Tulsi,25.46
81,0,0,0,0,0,97.2,1,Brahmi,24.13
59,1,1,0,1,1,98.7,3,Tulsi,25.65
20,1,0,0,1,0,98.7,1,Ashwagandha,25.04
34,0,1,1,1,1,99.8,3,Tulsi,26.12
36,0,0,1,1,1,98.2,1,Giloy,24.78
70,0,0,1,0,0,98.0,1,Giloy,24.4
69,0,0,1,1,0,99.3,3,Giloy,25.67
64,0,1,1,1,0,97.8,1,Giloy,24.42
46,1,1,0,0,1,99.5,2,Tulsi,25.44
77,0,0,0,1,0,99.5,2,Ashwagandha,25.13
39,1,1,1,1,1,98.8,1,Tulsi,24.87
58,0,1,0,1,0,99.7,2,Ashwagandha,25.36
84,1,1,0,1,0,97.4,1,Ashwagandha,24.14
72,0,0,1,0,1,99.1,1,Neem,24.6
35,1,1,1,0,1,98.7,3,Tulsi,25.89
87,0,0,0,0,1,98.3,2,Neem,24.79
6,1,0,1,0,0,97.8,1,Brahmi,25.0
32,1,1,0,0,1,98.0,1,Tulsi,24.78
8,1,0,1,0,0,96.3,2,Giloy,25.18
54,0,0,1,0,1,100.0,1,Neem,24.96
11,0,1,1,1,0,99.9,2,Giloy,25.87
59,1,1,0,0,1,99.7,2,Tulsi,25.35
83,0,1,0,1,1,96.4,1,Tulsi,23.95
89,0,1,0,0,1,98.9,1,Tulsi,24.39
64,0,0,0,1,1,98.6,2,Neem,25.08
56,1,1,1,1,0,97.2,1,Giloy,24.38
56,0,1,1,0,1,97.6,1,Tulsi,24.46
6,1,1,0,0,1,100.2,2,Tulsi,25.98
62,1,1,1,0,1,100.7,3,Tulsi,26.02
76,0,0,0,1,0,100.4,1,Ashwagandha,24.82
87,0,1,1,0,0,98.3,1,Giloy,24.29
47,0,0,0,1,0,98.7,1,Ashwagandha,24.77
9,1,0,1,1,0,97.1,3,Giloy,25.83
87,0,0,1,0,0,96.6,2,Ashwagandha,24.45
9,0,1,1,1,1,100.1,1,Tulsi,25.43
77,1,0,1,0,0,97.5,2,Ashwagandha,24.73
72,1,0,0,0,1,100.0,2,Neem,25.28
25,1,1,0,1,1,98.5,2,Tulsi,25.45
17,0,1,0,1,1,97.0,2,Tulsi,25.23
19,0,1,1,0,0,99.1,1,Neem,25.13
63,1,1,1,0,1,98.3,2,Tulsi,25.03
25,0,1,1,1,0,98.2,3,Giloy,25.89
16,0,0,1,0,0,99.2,3,Brahmi,26.18
79,1,1,1,0,0,101.0,2,Giloy,25.41
33,0,1,1,0,0,99.8,3,Neem,26.13
83,0,0,1,1,0,99.5,2,Giloy,25.07
47,0,0,0,1,0,99.4,1,Ashwagandha,24.91
34,0,1,0,0,1,96.0,1,Tulsi,24.36
12,1,1,1,1,0,99.4,3,Giloy,26.26
68,1,1,0,0,1,99.1,1,Tulsi,24.64
50,0,0,0,1,0,99.6,2,Ashwagandha,25.42
62,1,1,0,1,1,95.3,1,Tulsi,23.94
38,0,0,1,0,1,97.9,3,Neem,25.7
62,1,0,0,1,1,97.4,2,Neem,24.86
28,1,0,1,0,1,101.1,1,Neem,25.44
78,1,1,1,1,0,97.5,1,Giloy,24.22
24,0,0,0,1,0,97.8,2,Ashwagandha,25.32
59,1,1,1,1,1,98.9,2,Tulsi,25.19
34,1,0,0,1,1,100.2,3,Neem,26.2
26,1,0,1,1,1,96.5,2,Giloy,25.04
35,1,1,0,1,0,98.0,3,Ashwagandha,25.75
22,0,1,0,0,1,97.3,3,Tulsi,25.74
51,0,0,1,1,0,99.3,3,Giloy,25.85
19,1,0,1,1,0,97.0,3,Giloy,25.71
13,1,1,0,0,1,96.5,1,Tulsi,24.67
74,0,0,0,0,0,96.8,3,Tulsi,25.12
46,0,1,1,0,0,98.0,1,Giloy,24.64
25,1,1,0,1,1,99.2,2,Tulsi,25.59
8,1,0,0,1,0,101.1,2,Ashwagandha,26.14
45,1,1,1,1,1,97.9,1,Tulsi,24.63
35,1,1,0,1,0,97.1,3,Ashwagandha,25.57
59,1,1,1,1,1,97.3,2,Tulsi,24.87
81,1,1,0,0,1,95.0,3,Tulsi,24.69
74,0,0,1,1,1,99.9,3,Giloy,25.74
24,1,0,1,0,0,98.4,2,Tulsi,25.44
61,0,1,0,1,0,97.7,3,Ashwagandha,25.43
41,1,0,0,0,0,97.7,1,Neem,24.63
75,1,0,0,0,1,101.0,1,Neem,24.95
65,1,1,1,0,0,99.0,2,Ashwagandha,25.15
74,1,1,1,0,1,100.7,1,Tulsi,24.9
9,1,1,1,0,1,101.0,3,Tulsi,26.61
44,1,1,0,1,0,98.2,3,Ashwagandha,25.7
67,0,1,1,0,0,97.9,2,Neem,24.91
19,1,1,0,0,1,97.2,2,Tulsi,25.25
31,0,0,1,1,1,98.5,1,Giloy,24.89
46,1,0,1,0,1,97.5,3,Neem,25.54
54,0,0,0,0,0,98.8,1,Tulsi,24.72
40,0,0,1,0,0,96.4,3,Giloy,25.38
19,1,1,1,1,1,101.6,2,Tulsi,26.13
11,1,0,0,0,0,95.9,2,Brahmi,25.07
44,1,0,1,0,0,97.2,2,Neem,25.0
74,1,1,0,1,0,99.2,3,Ashwagandha,25.6
50,0,1,0,0,0,97.0,2,Giloy,24.9
63,0,1,0,0,0,99.2,3,Ashwagandha,25.71
72,0,1,1,1,1,99.0,1,Tulsi,24.58
13,1,1,1,1,0,98.5,1,Giloy,25.07
15,1,0,1,1,0,98.5,3,Giloy,26.05
80,1,1,1,1,0,95.2,2,Giloy,24.24
66,0,0,0,1,1,97.6,2,Neem,24.86
79,0,0,1,1,1,95.6,1,Giloy,23.83
73,1,0,1,0,0,97.2,2,Ashwagandha,24.71
70,0,1,1,1,0,99.1,3,Giloy,25.62
74,0,1,1,0,1,99.9,3,Tulsi,25.74
42,0,0,0,0,0,98.0,1,Ashwagandha,24.68
57,1,1,1,1,1,99.6,1,Tulsi,24.85
83,1,0,0,1,0,97.7,3,Ashwagandha,25.21
27,0,0,1,1,1,100.3,2,Giloy,25.79
39,0,1,0,1,0,98.4,1,Ashwagandha,24.79
29,1,1,1,1,1,99.7,3,Tulsi,26.15
55,0,1,0,0,1,97.9,1,Tulsi,24.53
75,1,0,0,0,1,97.8,3,Neem,25.31
18,1,1,0,0,1,99.8,1,Tulsi,25.28
34,0,1,0,1,1,99.8,3,Tulsi,26.12
63,1,1,0,1,0,96.2,2,Ashwagandha,24.61
45,1,0,0,0,1,99.7,2,Neem,25.49
16,0,0,1,1,1,97.6,1,Giloy,24.86
25,0,1,1,0,0,101.2,1,Giloy,25.49
65,0,1,0,0,1,98.5,1,Tulsi,24.55
12,0,0,0,1,1,98.5,3,Neem,26.08
23,1,1,0,1,1,99.9,1,Tulsi,25.25
55,1,1,0,0,0,98.7,2,Neem,25.19
80,0,0,1,1,1,96.2,2,Giloy,24.44
59,0,0,1,0,1,98.4,1,Neem,24.59
65,1,1,1,0,1,98.3,3,Tulsi,25.51
69,0,0,0,0,0,99.3,1,Giloy,24.67
88,1,0,0,0,1,96.7,1,Neem,23.96
50,0,1,1,0,1,98.1,1,Tulsi,24.62
53,1,1,1,0,1,97.5,2,Tulsi,24.97
13,1,0,0,0,0,98.1,3,Giloy,25.99
59,0,0,0,1,0,97.4,2,Ashwagandha,24.89
23,0,0,0,1,0,96.5,1,Ashwagandha,24.57
16,0,1,0,0,1,95.8,3,Tulsi,25.5
73,1,0,0,1,0,99.8,1,Ashwagandha,24.73
51,1,1,1,1,1,99.4,2,Tulsi,25.37
37,0,1,1,0,0,100.3,1,Brahmi,25.19
80,1,0,0,0,0,101.9,2,Brahmi,25.58
67,0,0,1,1,0,98.5,2,Giloy,25.03
55,1,0,0,0,1,98.6,3,Neem,25.67
88,1,0,0,1,0,98.7,2,Ashwagandha,24.86
85,0,1,1,0,0,97.5,1,Neem,24.15
59,0,0,1,0,0,97.7,1,Brahmi,24.45
27,1,0,1,1,0,99.5,2,Giloy,25.63
22,1,0,0,0,0,100.1,2,Ashwagandha,25.8
36,0,0,1,1,0,97.6,1,Giloy,24.66
67,0,1,0,1,1,100.6,1,Tulsi,24.95
28,0,1,1,1,0,96.1,3,Giloy,25.44
72,0,1,0,0,0,100.6,3,Brahmi,25.9
15,0,0,1,1,0,100.7,2,Giloy,25.99
52,1,1,1,1,0,98.6,1,Giloy,24.7
8,1,0,1,1,0,99.2,3,Giloy,26.26
55,1,1,0,0,0,97.0,2,Ashwagandha,24.85
41,1,1,0,0,0,98.5,2,Neem,25.29
72,1,1,0,0,0,96.3,2,Giloy,24.54
72,0,0,0,0,0,96.4,2,Giloy,24.56
57,0,0,0,0,1,99.4,2,Neem,25.31
89,1,0,1,0,1,99.9,3,Neem,25.59
72,0,0,1,0,1,97.8,1,Neem,24.34
21,0,1,1,1,1,99.4,1,Tulsi,25.17
28,1,0,0,0,0,98.7,1,Brahmi,24.96
40,1,0,0,1,0,98.5,1,Ashwagandha,24.8
15,1,0,0,1,1,99.1,1,Neem,25.17
85,1,1,0,1,1,98.0,2,Tulsi,24.75
21,0,0,1,1,1,100.3,3,Giloy,26.35
59,1,1,1,0,0,98.5,2,Ashwagandha,25.11
27,0,0,0,1,0,100.6,1,Ashwagandha,25.35
82,0,1,1,0,0,97.4,3,Tulsi,25.16
8,0,0,0,1,0,100.3,3,Ashwagandha,26.48
67,1,0,0,0,0,98.3,3,Tulsi,25.49
65,0,0,1,1,1,98.7,2,Giloy,25.09
25,1,1,1,0,1,100.2,3,Tulsi,26.29
60,1,0,1,0,0,97.8,3,Tulsi,25.46
71,0,1,0,0,0,99.9,3,Giloy,25.77
41,0,1,1,0,1,100.4,3,Tulsi,26.17
70,0,1,0,0,1,99.7,2,Tulsi,25.24
82,1,1,1,0,1,99.3,2,Tulsi,25.04
64,0,0,1,1,0,95.8,1,Giloy,24.02
87,0,1,1,1,1,98.4,2,Tulsi,24.81
70,1,0,1,0,0,96.2,2,Giloy,24.54
43,0,1,0,1,1,99.8,1,Tulsi,25.03
57,0,0,0,0,1,98.3,1,Neem,24.59
17,0,0,0,0,0,97.5,3,Ashwagandha,25.83
27,1,1,1,1,1,99.5,2,Tulsi,25.63
56,1,1,1,1,1,99.9,3,Tulsi,25.92
26,1,0,1,0,0,99.4,3,Brahmi,26.12
12,1,1,0,0,1,97.2,1,Tulsi,24.82
83,0,0,0,1,0,100.0,2,Ashwagandha,25.17
22,1,1,1,0,0,97.1,2,Tulsi,25.2
73,1,0,1,0,1,102.3,3,Neem,26.23
69,0,0,0,0,1,100.1,3,Neem,25.83
55,0,0,0,1,1,97.6,3,Neem,25.47
41,0,1,0,1,0,101.0,3,Ashwagandha,26.29
14,0,0,0,0,0,96.6,1,Ashwagandha,24.68
37,1,1,0,0,1,97.0,1,Tulsi,24.53
88,0,0,1,0,1,100.2,1,Neem,24.66
52,0,1,1,0,0,96.4,2,Ashwagandha,24.76
75,0,0,1,0,0,98.3,3,Brahmi,25.41
6,1,0,0,1,0,99.9,1,Ashwagandha,25.42
49,0,1,0,1,1,100.6,3,Tulsi,26.13
40,1,0,1,1,1,98.8,2,Giloy,25.36
58,0,1,0,1,0,98.1,3,Ashwagandha,25.54
17,0,0,1,1,1,97.2,2,Giloy,25.27
50,0,0,1,1,1,98.8,2,Giloy,25.26
85,1,1,1,0,0,97.3,2,Ashwagandha,24.61
28,0,0,0,1,1,100.4,2,Neem,25.8
69,1,0,1,1,0,97.9,3,Giloy,25.39
57,1,0,0,1,0,98.1,2,Ashwagandha,25.05
41,1,0,1,1,0,100.5,3,Giloy,26.19
61,1,1,1,1,0,97.4,1,Giloy,24.37
81,0,1,0,0,0,100.5,3,Brahmi,25.79
76,0,1,0,1,1,98.9,3,Tulsi,25.52
33,0,0,1,1,1,97.5,2,Giloy,25.17
8,1,1,0,0,0,98.5,2,Neem,25.62
79,0,1,1,1,0,99.6,3,Giloy,25.63
61,1,0,1,0,0,97.3,3,Brahmi,25.35
15,0,0,1,1,1,101.0,3,Giloy,26.55
69,0,0,1,1,1,97.1,2,Giloy,24.73
64,0,0,0,0,1,97.0,2,Neem,24.76
42,0,1,0,1,0,98.4,2,Ashwagandha,25.26
25,1,0,1,1,1,98.3,2,Giloy,25.41
50,0,0,1,0,1,100.7,2,Neem,25.64
12,1,0,0,1,0,95.0,2,Ashwagandha,24.88
45,1,1,0,1,1,99.5,3,Tulsi,25.95
66,0,1,0,0,0,97.4,1,Tulsi,24.32
47,0,1,1,1,0,100.6,1,Giloy,25.15
12,1,1,1,0,1,100.7,3,Tulsi,26.52
88,1,1,1,0,1,100.4,1,Tulsi,24.7
41,1,1,0,1,1,100.7,1,Tulsi,25.23
46,1,1,1,0,1,98.9,3,Tulsi,25.82
26,0,0,0,0,0,103.8,3,Tulsi,27.0
71,1,1,0,1,0,96.4,3,Ashwagandha,25.07
82,0,1,0,1,0,95.6,1,Ashwagandha,23.8
5,1,1,0,1,1,99.9,3,Tulsi,26.43
14,0,0,0,0,0,98.0,1,Brahmi,24.96
72,0,1,0,1,0,99.6,1,Ashwagandha,24.7
80,1,0,0,0,1,99.9,2,Neem,25.18
44,0,0,1,1,0,98.4,2,Giloy,25.24
88,0,1,1,0,0,97.3,3,Neem,25.08
50,1,1,0,0,1,97.1,2,Tulsi,24.92
19,0,0,0,0,0,99.3,1,Neem,25.17
40,1,0,1,1,1,99.2,3,Giloy,25.94
38,0,0,0,0,1,99.2,3,Neem,25.96
57,1,0,0,0,0,98.3,2,Tulsi,25.09
74,0,0,1,1,0,100.1,2,Giloy,25.28
51,1,1,1,1,0,98.4,3,Giloy,25.67
40,0,0,0,0,0,99.9,1,Neem,25.08
29,1,0,0,1,0,99.0,2,Ashwagandha,25.51
51,1,1,0,1,1,99.0,1,Tulsi,24.79
20,0,0,0,1,1,101.0,3,Neem,26.5
38,0,1,0,0,0,98.1,1,Ashwagandha,24.74
72,1,1,0,0,0,102.1,1,Giloy,25.2
69,0,0,0,1,0,100.2,3,Ashwagandha,25.85
74,0,0,0,1,0,100.1,1,Ashwagandha,24.78
61,0,1,0,0,0,98.0,1,Ashwagandha,24.49
7,0,0,0,1,1,97.9,3,Neem,26.01
59,1,0,0,0,1,99.3,2,Neem,25.27
87,0,1,0,1,1,97.8,2,Tulsi,24.69
37,1,1,0,0,1,98.7,2,Tulsi,25.37
53,1,0,0,0,0,103.0,3,Tulsi,26.57
84,1,1,0,1,1,99.2,1,Tulsi,24.5
24,0,1,1,0,1,98.1,2,Tulsi,25.38
61,0,1,0,1,1,98.6,1,Tulsi,24.61
16,1,0,0,0,0,98.8,1,Neem,25.1
10,0,0,0,1,1,96.5,1,Neem,24.7
66,1,1,0,0,1,99.5,1,Tulsi,24.74
70,1,0,0,1,0,100.7,3,Ashwagandha,25.94
18,0,0,1,1,0,100.3,1,Giloy,25.38
28,1,0,1,0,0,98.6,2,Brahmi,25.44
21,1,1,1,0,1,98.2,2,Tulsi,25.43
45,0,1,1,1,0,98.7,3,Giloy,25.79
7,1,1,0,0,1,96.4,2,Tulsi,25.21
28,1,1,1,1,0,96.8,3,Giloy,25.58
24,0,0,1,1,1,99.1,3,Giloy,26.08
88,0,0,1,1,0,99.8,1,Giloy,24.58
52,1,0,0,1,0,96.9,2,Ashwagandha,24.86
33,1,0,0,1,0,99.4,3,Ashwagandha,26.05
26,1,1,1,0,0,99.1,1,Giloy,25.06
49,1,0,0,0,1,99.7,2,Neem,25.45
52,1,0,1,1,0,100.8,2,Giloy,25.64
54,0,1,0,0,0,99.1,1,Brahmi,24.78
77,0,1,0,1,1,99.0,1,Tulsi,24.53
47,0,0,1,1,1,99.5,1,Giloy,24.93
27,0,1,1,0,1,96.9,3,Tulsi,25.61
73,0,1,1,1,0,101.2,2,Giloy,25.51
37,0,1,1,1,1,98.1,3,Tulsi,25.75
14,1,1,0,0,1,98.7,2,Tulsi,25.6
7,1,1,0,0,1,99.7,3,Tulsi,26.37
12,0,1,1,0,0,99.5,3,Tulsi,26.28
64,1,0,1,0,0,97.7,2,Neem,24.9
60,0,0,1,0,1,99.8,2,Neem,25.36
44,1,1,1,0,0,97.1,3,Brahmi,25.48
22,1,0,1,1,0,96.7,2,Giloy,25.12
11,0,0,1,1,1,99.2,3,Giloy,26.23
5,0,0,1,1,1,99.7,1,Giloy,25.39
33,0,0,1,1,0,98.4,2,Giloy,25.35
75,0,0,0,1,0,98.1,3,Ashwagandha,25.37
60,1,0,0,0,0,97.7,3,Brahmi,25.44
56,1,0,0,0,1,96.9,2,Neem,24.82
62,0,1,0,0,0,96.6,1,Giloy,24.2
13,1,0,0,0,0,99.2,2,Giloy,25.71
85,1,0,1,0,1,98.1,1,Neem,24.27
77,0,0,0,0,0,97.4,3,Neem,25.21
49,0,0,1,0,1,100.8,1,Neem,25.17
10,1,1,1,1,1,97.5,3,Tulsi,25.9
40,1,0,1,1,0,96.7,2,Giloy,24.94
43,0,0,1,0,0,100.4,3,Giloy,26.15
13,0,0,1,0,0,97.4,3,Brahmi,25.85
78,1,0,1,0,0,94.6,2,Brahmi,24.14
5,1,0,1,0,0,98.6,1,Tulsi,25.17
68,0,0,0,1,1,97.1,1,Neem,24.24
30,0,0,0,1,0,99.6,3,Ashwagandha,26.12
57,0,0,1,0,0,98.5,3,Brahmi,25.63
33,0,0,1,1,1,97.5,1,Giloy,24.67
58,1,0,1,1,0,100.2,1,Giloy,24.96
55,1,0,0,1,0,98.5,3,Ashwagandha,25.65
23,1,0,0,0,0,98.5,1,Neem,24.97
22,0,1,1,1,1,98.3,2,Tulsi,25.44
10,1,0,0,1,1,98.8,1,Neem,25.16
49,1,1,0,0,1,100.4,3,Tulsi,26.09
24,1,0,0,1,0,97.5,2,Ashwagandha,25.26
68,1,0,0,1,1,98.5,3,Neem,25.52
64,1,0,1,0,0,98.3,2,Ashwagandha,25.02
66,1,0,0,1,0,99.6,2,Ashwagandha,25.26
65,1,0,1,0,1,99.3,1,Neem,24.71
49,1,0,1,1,1,100.8,1,Giloy,25.17
87,1,1,0,0,0,96.8,2,Tulsi,24.49
33,1,0,1,0,0,100.6,3,Tulsi,26.29
25,1,1,1,1,0,101.0,2,Giloy,25.95
65,0,0,1,1,1,99.0,3,Giloy,25.65
61,1,0,0,1,1,99.2,3,Neem,25.73
83,1,0,1,1,1,99.6,3,Giloy,25.59
27,1,1,1,0,1,101.0,3,Tulsi,26.43
42,0,1,0,0,1,102.2,1,Tulsi,25.52
32,0,1,1,0,0,96.3,3,Neem,25.44
57,0,0,1,1,0,99.5,3,Giloy,25.83
74,1,1,1,0,1,97.1,1,Tulsi,24.18
41,0,1,1,0,0,95.7,3,Neem,25.23
83,0,1,1,1,1,98.1,2,Tulsi,24.79
63,1,1,0,0,0,100.7,1,Giloy,25.01
22,1,1,0,0,1,102.3,1,Tulsi,25.74
17,0,0,1,0,0,96.8,1,Tulsi,24.69
58,0,1,0,1,1,97.1,3,Tulsi,25.34
83,1,0,1,0,0,100.3,1,Giloy,24.73
89,0,1,0,0,1,101.3,3,Tulsi,25.87
29,1,1,0,0,1,97.9,3,Tulsi,25.79
59,1,0,0,0,0,100.3,2,Brahmi,25.47
29,1,0,1,0,0,99.4,2,Tulsi,25.59
31,0,1,1,1,0,98.9,3,Giloy,25.97
45,0,0,0,0,1,99.6,2,Neem,25.47
26,0,0,1,0,1,96.6,2,Neem,25.06
51,0,0,1,1,1,98.0,2,Giloy,25.09
37,0,0,0,0,1,101.5,2,Neem,25.93
7,1,1,1,1,0,97.9,1,Giloy,25.01
70,0,0,1,1,1,98.9,3,Giloy,25.58
26,1,1,0,1,1,98.1,2,Tulsi,25.36
85,1,1,1,0,1,99.9,1,Tulsi,24.63
63,0,1,1,0,0,101.1,3,Tulsi,26.09
77,0,0,1,0,1,99.9,1,Neem,24.71
12,0,0,0,1,1,101.0,3,Neem,26.58
57,0,1,0,0,1,98.1,2,Tulsi,25.05
15,1,1,0,1,1,99.6,2,Tulsi,25.77
24,1,1,1,1,1,98.2,3,Tulsi,25.9
41,1,0,1,1,1,98.2,3,Giloy,25.73
15,1,1,1,0,1,96.5,1,Tulsi,24.65
40,0,1,1,1,0,96.7,2,Giloy,24.94
68,1,0,1,0,1,98.6,3,Neem,25.54
15,1,1,1,1,0,97.3,2,Giloy,25.31
14,1,1,1,1,0,98.4,3,Giloy,26.04
61,0,1,0,1,1,100.2,1,Tulsi,24.93
26,0,0,1,1,0,98.9,1,Giloy,25.02
44,1,1,0,0,1,97.0,1,Tulsi,24.46
84,0,0,1,1,1,98.0,3,Giloy,25.26
52,1,1,0,0,1,100.2,3,Tulsi,26.02
66,1,0,0,0,0,99.0,1,Ashwagandha,24.64
64,1,1,0,1,1,96.7,3,Tulsi,25.2
76,0,0,1,0,1,98.9,3,Neem,25.52
84,1,1,0,1,1,98.3,3,Tulsi,25.32
76,1,0,1,1,1,97.8,3,Giloy,25.3
80,0,0,0,0,0,100.4,1,Tulsi,24.78
66,1,0,0,0,0,99.2,3,Brahmi,25.68
26,1,0,0,0,1,98.1,2,Neem,25.36
53,1,1,0,0,1,99.2,1,Tulsi,24.81
21,1,1,1,1,0,96.1,1,Giloy,24.51
27,1,1,1,0,1,99.2,1,Tulsi,25.07
32,0,0,1,0,1,100.6,2,Neem,25.8
86,0,0,1,0,0,97.8,2,Giloy,24.7
86,0,0,0,1,0,100.7,3,Ashwagandha,25.78
85,1,0,1,0,0,100.9,1,Giloy,24.83
56,1,0,0,1,0,98.3,2,Ashwagandha,25.1
5,1,0,0,1,1,97.7,1,Neem,24.99
12,1,0,1,1,0,99.1,3,Giloy,26.2
46,1,0,0,0,0,96.9,2,Ashwagandha,24.92
89,0,1,0,1,1,99.5,2,Tulsi,25.01
54,1,0,0,1,0,100.9,3,Ashwagandha,26.14
15,1,0,0,0,1,98.8,3,Neem,26.11
87,0,1,0,0,1,96.8,2,Tulsi,24.49
42,0,0,0,1,1,100.3,2,Neem,25.64
53,0,1,1,0,1,99.3,3,Tulsi,25.83
64,1,0,1,1,0,101.5,2,Giloy,25.66
60,0,1,0,1,1,98.6,2,Tulsi,25.12
8,1,1,0,0,0,98.9,3,Brahmi,26.2
18,0,0,0,1,0,98.3,2,Ashwagandha,25.48
77,1,1,1,1,1,96.2,3,Tulsi,24.97
71,1,0,0,1,0,99.6,2,Ashwagandha,25.21
51,1,0,0,1,1,96.9,3,Neem,25.37
8,0,1,0,1,0,101.1,3,Ashwagandha,26.64
25,0,1,0,1,1,97.9,1,Tulsi,24.83
66,0,0,1,1,0,95.7,3,Giloy,24.98
50,0,0,1,0,1,98.5,1,Neem,24.7
74,0,0,1,1,0,98.7,1,Giloy,24.5
27,1,0,1,1,1,98.2,1,Giloy,24.87
56,0,1,0,0,0,98.2,1,Giloy,24.58
59,0,1,0,0,1,98.9,1,Tulsi,24.69
73,0,0,1,1,0,99.9,3,Giloy,25.75
80,0,1,0,0,1,100.9,3,Tulsi,25.88
68,0,0,1,1,1,97.6,2,Giloy,24.84
35,1,0,1,0,0,99.7,2,Neem,25.59
44,0,0,0,0,0,95.8,1,Brahmi,24.22
83,0,1,1,0,0,100.1,2,Brahmi,25.19
51,0,0,1,1,0,98.5,2,Giloy,25.19
49,1,0,1,1,0,97.3,1,Giloy,24.47
19,1,0,0,0,0,97.3,2,Ashwagandha,25.27
73,1,1,0,0,0,97.6,2,Giloy,24.79
30,0,0,1,1,1,99.3,2,Giloy,25.56
8,0,0,1,1,0,97.1,3,Giloy,25.84
48,0,0,0,0,0,98.7,3,Brahmi,25.76
23,1,1,0,1,1,98.3,1,Tulsi,24.93
21,0,0,1,0,0,97.0,2,Giloy,25.19
18,0,1,0,0,1,95.9,3,Tulsi,25.5
84,1,1,1,1,0,98.7,2,Giloy,24.9
35,0,1,1,1,0,96.3,3,Giloy,25.41
35,0,0,0,1,1,98.5,3,Neem,25.85
61,1,0,1,1,1,97.6,2,Giloy,24.91
73,0,0,0,1,1,98.2,1,Neem,24.41
10,1,1,0,1,1,99.0,1,Tulsi,25.2
27,1,1,1,1,0,102.1,1,Giloy,25.65
78,1,1,1,1,0,94.6,3,Giloy,24.64
71,1,0,0,0,1,98.5,1,Neem,24.49
87,0,1,1,1,1,99.2,3,Tulsi,25.47
26,0,1,1,1,0,98.7,3,Giloy,25.98
18,0,1,0,0,0,98.1,1,Neem,24.94
27,1,0,0,0,0,99.3,2,Ashwagandha,25.59
29,1,1,0,1,1,95.8,3,Tulsi,25.37
29,1,1,1,0,1,97.3,1,Tulsi,24.67
29,1,0,1,1,1,98.3,2,Giloy,25.37
79,0,0,0,1,0,97.0,2,Ashwagandha,24.61
68,1,1,0,1,1,97.3,2,Tulsi,24.78
79,1,0,0,1,0,98.7,2,Ashwagandha,24.95
61,1,0,0,0,1,98.0,2,Neem,24.99
80,1,0,1,0,1,96.0,3,Neem,24.9
83,0,1,0,0,0,99.1,3,Neem,25.49
50,0,1,1,1,0,99.2,1,Giloy,24.84
85,1,1,0,1,0,99.3,2,Ashwagandha,25.01
84,1,1,1,0,0,99.6,1,Ashwagandha,24.58
56,1,0,0,0,0,97.4,3,Brahmi,25.42
51,1,1,0,0,1,97.6,3,Tulsi,25.51
33,1,0,1,0,1,97.2,2,Neem,25.11
26,1,1,1,0,1,98.5,3,Tulsi,25.94
38,0,0,1,1,0,98.0,2,Giloy,25.22
56,1,0,1,0,0,99.1,3,Ashwagandha,25.76
83,0,1,0,1,1,97.4,2,Tulsi,24.65
86,0,1,0,1,0,100.7,1,Ashwagandha,24.78
48,1,0,1,0,1,96.9,3,Neem,25.4
11,1,0,1,1,0,99.9,1,Giloy,25.37
35,0,0,0,1,1,101.3,3,Neem,26.41
14,1,1,1,1,0,101.9,3,Giloy,26.74
35,0,1,0,0,0,98.6,1,Tulsi,24.87
8,0,1,0,1,1,99.6,2,Tulsi,25.84
28,1,1,0,1,0,97.5,2,Ashwagandha,25.22
47,0,0,0,1,0,100.0,2,Ashwagandha,25.53
53,1,1,1,1,1,101.1,2,Tulsi,25.69
32,0,1,0,1,1,98.4,1,Tulsi,24.86
46,0,0,1,1,0,99.2,2,Giloy,25.38
61,1,1,0,0,0,96.2,1,Giloy,24.13
80,1,0,1,1,0,101.1,2,Giloy,25.42
52,1,0,1,1,0,100.4,2,Giloy,25.56
31,1,0,0,1,1,100.0,1,Neem,25.19
19,1,0,1,1,0,98.5,2,Giloy,25.51
82,0,1,1,1,1,98.3,2,Tulsi,24.84
80,1,1,1,1,0,98.9,1,Giloy,24.48
60,0,1,0,0,1,95.8,2,Tulsi,24.56
42,0,0,1,0,0,97.4,3,Giloy,25.56
82,1,1,1,0,0,98.0,3,Tulsi,25.28
18,0,0,1,1,0,98.9,1,Giloy,25.1
31,1,0,1,1,0,99.6,2,Giloy,25.61
83,0,0,0,0,0,96.7,2,Neem,24.51
66,0,1,1,0,0,97.5,3,Tulsi,25.34
9,0,0,1,0,0,100.9,1,Brahmi,25.59
76,0,0,1,1,0,97.0,3,Giloy,25.14
43,0,1,1,0,0,98.5,3,Brahmi,25.77
62,0,0,0,0,1,100.1,1,Neem,24.9
88,1,1,0,1,0,100.6,1,Ashwagandha,24.74
80,1,0,1,0,0,97.5,3,Giloy,25.2
23,1,0,0,0,0,100.3,3,Brahmi,26.33
57,0,1,0,0,1,99.7,2,Tulsi,25.37
30,0,0,0,1,0,98.9,3,Ashwagandha,25.98
59,1,0,1,1,0,97.2,3,Giloy,25.35
42,1,0,0,1,1,97.3,2,Neem,25.04
69,0,1,1,0,1,97.0,2,Tulsi,24.71
51,1,0,0,0,0,97.6,3,Giloy,25.51
41,1,0,1,1,0,100.3,1,Giloy,25.15
58,0,1,1,1,0,98.9,2,Giloy,25.2
15,1,1,0,0,0,99.3,3,Tulsi,26.21
32,0,0,0,1,0,98.3,2,Ashwagandha,25.34
82,0,1,1,0,0,97.9,2,Tulsi,24.76
34,1,0,0,0,1,98.3,2,Neem,25.32
51,0,1,1,1,1,100.0,2,Tulsi,25.49
68,0,0,1,0,1,98.2,2,Neem,24.96
14,0,0,1,0,1,98.1,2,Neem,25.48
56,0,0,1,0,1,99.4,3,Neem,25.82
8,0,0,1,1,0,97.5,1,Giloy,24.92
39,1,0,1,0,1,97.4,3,Neem,25.59
36,1,0,1,1,1,98.7,1,Giloy,24.88
20,0,0,0,0,0,97.5,2,Tulsi,25.3
52,0,0,1,1,1,98.9,2,Giloy,25.26
79,1,1,1,1,1,97.5,3,Tulsi,25.21
5,0,1,1,0,1,99.9,1,Tulsi,25.43
10,1,1,1,1,1,94.9,2,Tulsi,24.88
34,0,1,0,1,0,97.1,2,Ashwagandha,25.08
31,0,0,1,0,1,97.7,2,Neem,25.23
19,1,1,0,0,1,99.9,2,Tulsi,25.79
22,0,0,0,1,1,99.1,3,Neem,26.1
15,1,0,1,1,0,98.9,2,Giloy,25.63
26,1,1,0,1,1,99.3,3,Tulsi,26.1
20,0,1,0,1,1,100.6,3,Tulsi,26.42
53,0,1,0,1,1,99.3,1,Tulsi,24.83
63,1,0,0,1,0,99.4,3,Ashwagandha,25.75
33,0,0,0,0,1,97.9,2,Neem,25.25
16,0,1,0,0,0,96.7,3,Giloy,25.68
12,1,0,1,1,0,97.5,1,Giloy,24.88
12,0,1,0,0,1,98.6,1,Tulsi,25.1
64,1,0,0,0,0,98.9,1,Tulsi,24.64
48,0,1,0,1,1,96.6,1,Tulsi,24.34
54,1,0,0,1,1,99.8,1,Neem,24.92
27,0,1,0,0,0,100.3,1,Tulsi,25.29
22,1,0,0,1,1,100.3,3,Neem,26.34
36,0,0,1,1,1,100.7,1,Giloy,25.28
72,1,0,1,1,0,98.7,3,Giloy,25.52
49,0,0,0,1,1,99.3,2,Neem,25.37
86,1,1,0,0,1,100.3,1,Tulsi,24.7
59,0,0,0,0,0,97.6,2,Neem,24.93
18,1,0,1,1,0,100.6,2,Giloy,25.94
27,1,1,0,1,1,99.7,3,Tulsi,26.17
64,0,0,0,1,0,97.8,2,Ashwagandha,24.92
81,1,0,1,1,1,101.7,3,Giloy,26.03
64,0,1,1,1,0,97.7,3,Giloy,25.4
47,0,0,1,1,0,96.8,3,Giloy,25.39
22,0,0,0,0,0,97.7,2,Tulsi,25.32
51,1,0,1,0,1,97.1,3,Neem,25.41
10,0,0,0,0,0,99.6,1,Brahmi,25.32
81,0,0,1,0,1,99.8,1,Neem,24.65
21,1,0,1,0,1,98.6,1,Neem,25.01
42,1,0,0,1,1,98.3,3,Neem,25.74
28,0,1,1,0,1,99.5,2,Tulsi,25.62
5,1,0,0,0,1,94.8,2,Neem,24.91
20,1,0,0,0,0,96.3,1,Giloy,24.56
5,1,0,0,1,1,99.9,3,Neem,26.43
22,1,0,0,0,1,97.6,1,Neem,24.8
52,0,0,0,1,1,98.8,2,Neem,25.24
22,1,1,1,0,0,96.2,1,Neem,24.52
13,1,1,0,1,0,100.8,3,Ashwagandha,26.53
56,0,0,0,1,0,100.5,1,Ashwagandha,25.04
8,1,0,1,0,0,100.3,1,Ashwagandha,25.48
12,0,1,0,1,1,98.2,3,Tulsi,26.02
46,0,1,1,0,1,99.3,1,Tulsi,24.9
78,1,1,0,1,0,97.4,3,Ashwagandha,25.2
44,1,0,0,0,0,96.1,2,Giloy,24.78
55,0,0,0,0,0,98.5,1,Brahmi,24.65
6,0,0,1,0,1,99.2,2,Neem,25.78
74,0,1,0,1,0,100.5,3,Ashwagandha,25.86
63,1,0,1,0,1,99.7,1,Neem,24.81
72,0,0,1,0,0,98.1,2,Giloy,24.9
11,1,0,0,0,1,99.2,3,Neem,26.23
55,1,1,1,1,1,103.0,1,Tulsi,25.55
81,0,0,1,1,1,97.2,1,Giloy,24.13
10,1,1,0,1,0,98.0,2,Ashwagandha,25.5
28,0,1,0,0,1,98.4,2,Tulsi,25.4
32,0,0,1,0,1,97.4,2,Neem,25.16
60,0,1,0,1,0,98.4,2,Ashwagandha,25.08
63,0,0,0,0,0,99.9,3,Brahmi,25.85
7,1,0,1,0,0,100.3,1,Brahmi,25.49
84,1,0,1,0,0,99.4,1,Ashwagandha,24.54
54,0,1,0,0,0,100.1,3,Giloy,25.98
85,0,1,0,1,1,97.5,1,Tulsi,24.15
65,0,0,0,1,1,95.0,3,Neem,24.85
86,1,1,1,1,0,98.3,2,Giloy,24.8
40,0,1,0,0,1,97.7,3,Tulsi,25.64
81,0,1,1,1,1,98.5,2,Tulsi,24.89
66,0,1,1,0,0,98.8,2,Ashwagandha,25.1
86,1,0,0,0,0,98.3,2,Ashwagandha,24.8
12,0,1,1,0,0,97.1,2,Giloy,25.3
60,1,0,1,0,0,97.7,2,Tulsi,24.94
47,0,1,1,0,1,99.5,1,Tulsi,24.93
43,1,1,1,0,0,97.9,3,Tulsi,25.65
41,1,0,0,1,0,99.6,2,Ashwagandha,25.51
13,0,1,1,1,1,97.5,2,Tulsi,25.37
22,0,0,0,0,0,99.4,1,Ashwagandha,25.16
86,0,0,0,1,0,97.7,2,Ashwagandha,24.68
66,1,1,0,1,1,99.1,1,Tulsi,24.66
17,1,1,1,0,0,101.5,2,Neem,26.13
85,0,1,0,1,0,97.7,2,Ashwagandha,24.69
62,1,0,0,1,1,99.0,2,Neem,25.18
53,1,1,0,0,0,96.2,2,Ashwagandha,24.71
82,0,0,0,1,1,99.6,3,Neem,25.6
42,1,0,1,0,0,97.8,3,Ashwagandha,25.64
75,0,1,0,0,0,97.7,1,Ashwagandha,24.29
26,0,1,1,0,0,96.7,1,Tulsi,24.58
46,1,0,0,1,1,100.3,3,Neem,26.1
60,1,0,1,0,0,96.8,1,Tulsi,24.26
48,1,0,1,0,0,98.9,1,Tulsi,24.8
69,0,0,0,0,0,100.6,3,Ashwagandha,25.93
65,1,1,1,1,1,98.4,3,Tulsi,25.53
83,1,1,0,1,1,98.9,2,Tulsi,24.95
20,0,1,0,1,1,98.2,2,Tulsi,25.44
26,1,0,1,0,1,96.6,3,Neem,25.56
62,1,0,1,1,0,97.6,3,Giloy,25.4
30,0,0,1,0,0,97.4,3,Neem,25.68
61,0,0,1,0,1,100.6,2,Neem,25.51
39,0,0,0,0,1,97.8,1,Neem,24.67
45,0,0,0,0,1,100.4,3,Neem,26.13
5,0,1,1,1,1,99.3,3,Tulsi,26.31
14,0,1,1,1,1,96.2,1,Tulsi,24.6
78,0,0,0,1,0,99.1,1,Ashwagandha,24.54
36,0,1,0,1,0,98.4,2,Ashwagandha,25.32
6,0,1,1,0,0,96.5,3,Tulsi,25.74
64,1,1,0,1,0,99.3,3,Ashwagandha,25.72
42,0,0,1,1,1,99.7,1,Giloy,25.02
21,1,0,0,1,1,97.0,1,Neem,24.69
72,0,0,0,1,1,98.5,2,Neem,24.98
44,1,0,0,0,1,98.8,1,Neem,24.82
21,1,1,1,1,0,100.1,1,Giloy,25.31
86,0,0,1,0,0,99.2,3,Giloy,25.48
13,0,0,0,0,1,98.4,1,Neem,25.05
23,1,1,1,0,1,99.0,2,Tulsi,25.57
57,0,1,0,1,0,98.4,1,Ashwagandha,24.61
37,1,0,1,0,0,100.3,3,Giloy,26.19
76,1,1,0,1,0,98.3,2,Ashwagandha,24.9
50,1,1,1,0,1,97.8,2,Tulsi,25.06
84,1,1,1,0,0,98.4,2,Giloy,24.84
20,1,1,0,0,1,96.5,3,Tulsi,25.6
37,1,0,0,1,0,98.9,3,Ashwagandha,25.91
56,1,0,1,0,1,97.3,2,Neem,24.9
48,0,0,1,1,1,94.7,2,Giloy,24.46
30,0,1,1,1,1,99.7,2,Tulsi,25.64
52,1,1,1,1,0,96.8,2,Giloy,24.84
7,0,1,1,1,1,98.7,2,Tulsi,25.67
48,0,1,1,0,1,99.2,2,Tulsi,25.36
22,1,1,0,1,1,97.1,3,Tulsi,25.7
10,1,0,0,0,0,97.7,3,Brahmi,25.94
63,0,0,0,1,0,99.4,1,Ashwagandha,24.75
13,0,0,0,1,0,97.3,2,Ashwagandha,25.33
25,1,0,0,0,1,99.2,3,Neem,26.09
18,0,1,1,1,1,99.9,3,Tulsi,26.3
38,0,1,1,0,0,99.5,1,Ashwagandha,25.02
16,0,1,1,0,1,99.4,2,Tulsi,25.72
89,1,0,1,1,0,97.3,1,Giloy,24.07
55,0,0,0,0,1,99.5,1,Neem,24.85
6,1,1,0,1,0,99.8,1,Ashwagandha,25.4
80,0,1,1,1,1,99.5,1,Tulsi,24.6
25,1,1,1,0,1,98.6,1,Tulsi,24.97
30,1,1,1,0,1,99.8,2,Tulsi,25.66
48,1,0,1,1,1,101.1,3,Giloy,26.24
14,1,1,0,1,1,99.1,1,Tulsi,25.18
61,1,0,1,0,0,99.7,2,Giloy,25.33
31,1,1,0,1,1,99.8,2,Tulsi,25.65
30,0,0,0,1,0,100.4,2,Ashwagandha,25.78
51,0,0,1,1,0,98.3,3,Giloy,25.65
22,1,1,1,1,0,98.2,3,Giloy,25.92
56,0,0,1,1,1,99.2,1,Giloy,24.78
51,0,1,0,1,1,97.5,3,Tulsi,25.49
62,0,0,1,1,0,101.8,2,Giloy,25.74
57,0,1,1,0,1,100.0,1,Tulsi,24.93
87,0,0,1,1,0,101.9,2,Giloy,25.51
80,1,0,1,1,1,100.7,2,Giloy,25.34
11,1,1,1,1,1,96.2,3,Tulsi,25.63
44,1,1,0,1,0,99.1,2,Ashwagandha,25.38
56,0,0,0,1,1,99.9,3,Neem,25.92
11,1,1,1,0,0,97.0,2,Ashwagandha,25.29
69,1,0,1,1,0,99.2,1,Giloy,24.65
27,0,0,1,0,0,100.4,1,Giloy,25.31
27,0,1,1,0,0,98.3,3,Neem,25.89
57,1,0,1,1,1,98.7,1,Giloy,24.67
16,0,1,1,1,1,98.7,3,Tulsi,26.08
73,1,1,1,0,0,98.9,2,Ashwagandha,25.05
79,1,1,1,0,0,99.2,3,Giloy,25.55
